dPrime*,single-ssnu*,single-sg*,sim*
26066.0462471978,25747.7167421932,25789.0574574041,25705.1549302946
0,0,0,0
0,0,0,0
0,0,0,0
0,0,0,0
0,0,0,0
0,0,0,0
0,0,0,0
0,0,0,0
0,0,0,0
