single_ssnu,single_og
196797.308406954,196797.308406954
