single_ssnu,single_og
196797.308406954,198275.480390637
