single_ssnu,single_og
197404.910545798,197404.910545798
