single_ssnu,single_og
197404.910545798,198883.082529481
