single_ssnu,single_og
98334.6542034771,99073.7401953184
